{"cameraMode":{"drawMode":0,"name":"Shaded","section":"Shading Mode"},"sceneLighting":true,"audioPlay":false,"sceneViewState":{"showFog":true,"showMaterialUpdate":false,"showSkybox":true,"showFlares":true,"showImageEffects":true,"showParticleSystems":true},"in2DMode":false,"pivot":{"x":2017.348876953125,"y":-47.230621337890628,"z":839.1530151367188},"rotation":{"x":0.3399665355682373,"y":-0.5732440948486328,"z":0.2824515104293823,"w":0.689976692199707},"size":74.66956329345703,"orthographic":false}